temp_tank,temp_fuel,pressure_tank,pressure_fuel,hydrocarbon_leak
21.236203565420873,10.55398786515859,152.3411367471812,318.1757485522245,44.33378201627114
38.52142919229749,21.257028421350743,149.39575981439998,349.1703492978431,48.62398429719949
31.959818254342153,31.18837507629225,281.25091610420736,212.61697469812475,134.99391329776142
27.959754525911098,26.966746592286835,149.90923996990122,306.21852490174973,51.44826357886912
14.680559213273096,29.196834435843492,154.3899452257262,292.93649578593715,41.815719605952225
14.67983561008608,24.763501001321522,251.87965248359274,358.2075941970678,74.99822434503241
11.742508365045984,25.768296935535574,189.947968490108,376.52176512031514,36.0223136525235
35.98528437324806,30.47586954695958,255.34211139103624,153.0391928693467,131.23506145057652
28.033450352296263,12.490040265775578,113.07323151287704,318.5049797646982,22.05977363227134
31.242177333881365,19.682748909294215,197.51423873467687,162.95894977993225,102.854163400846
10.617534828874074,11.636283254588067,106.72272003665653,287.214666269339,12.42022125386169
39.097295564859834,34.630040239899415,112.5306406910709,221.90818226091955,56.47069777747243
34.97327922401266,33.321780190598396,281.2874906688822,226.6941498805353,133.55134249123978
16.370173320348286,6.182804341055177,127.84907422351904,238.23962586308915,39.26882285616171
15.454749016213018,26.167255175470654,206.48413645504343,305.32311226240256,60.80576194091991
15.502135295603015,32.757449522469976,182.2191205201413,233.5124914171923,75.51614463907298
19.127267288786133,10.417260353820005,169.46866525176853,333.1747626475701,36.51528693891152
25.742692948967136,22.038356916578884,279.96666913745446,251.1318463934674,118.20045053741595
22.958350559263472,32.46464892764126,104.3646793550979,167.08830007748966,44.53682883467579
18.736874205941255,6.0183793575739655,232.75793723511782,345.9399606210268,66.47897893095056
28.355586841671386,25.922608017405196,292.6788868427101,221.4395811481765,142.38934136266832
14.184815819561255,13.920470221176522,212.0336366923684,258.19171989981567,77.4806085304428
18.764339456056547,32.73188586129591,287.36449240661835,321.3609708054754,114.13319992558827
20.99085529881075,34.131747354961036,110.45157585720476,233.114039287178,43.24590124637336
23.682099526511077,33.32799467340302,183.7586638148323,164.1464140366789,87.4757779806583
33.55527884179041,19.226426499723914,152.03155819241022,243.4802617532034,63.277931647276134
15.990213464750791,30.861279529679404,246.16419299614597,386.11214567357587,69.00922634847494
25.42703315240835,30.33648195605211,296.25941809944936,310.43359932463954,127.13843481373426
27.772437065861276,14.573014197297669,151.30601248884955,317.86978716680176,37.68495949081118
11.393512381599932,29.86746422452032,230.8349202948149,308.07053840940995,81.34689008510706
28.22634555704315,6.110229041464779,139.619526551948,199.7480347398592,63.73907083661996
15.115723710618745,22.88809635446159,213.06605091432198,254.58346602557003,88.7234411354609
11.951547789558386,11.900265118631092,192.78649733766724,337.73494959082956,44.92914355475626
38.466566117599996,8.617006573318363,294.4010659263074,175.3432243882898,154.05185374947206
38.96896099223678,7.308596048876275,221.70545453929333,219.46319402242807,116.73609525630756
34.25192044349383,25.888663276344193,169.90127441736377,219.0797771164634,78.21460873841906
19.13841307520112,15.196248913041984,122.81915697758667,258.0047318986265,27.003036005479718
12.930163420191516,26.743003145862843,130.2493657469869,395.09218523554625,0.07322733675745141
30.526990795364707,6.960690223968271,145.063385990247,166.8756366709555,74.22992550872131
23.20457481218804,14.45871013491831,150.1933322680596,279.6752485951488,37.64713826493305
13.661147045343364,21.184738771260115,270.1232115682276,194.8411705030526,116.5161156864664
24.855307303338105,28.721694945168906,212.24455765650498,392.669136352436,63.27577181918126
11.031655633456552,14.562575087962097,204.67818227487328,178.32587618186605,85.79389061836686
37.27961206236346,23.776741293110273,122.95377437384349,250.90025059039783,55.38077342758688
17.763399448000506,31.579332447085616,272.027938669887,334.47124620865156,98.91568866474356
29.87566853061946,23.475895645469137,244.56286064169674,326.1386070068613,99.3913415041794
19.35133228268233,11.988784242609013,113.53367238000031,255.68215922348307,24.946523540538116
25.602040635334326,5.73202344669614,241.56701944595375,236.63104198817956,97.2735651753246
26.40130838029839,31.102966217027898,208.70764346852923,249.40309463821762,86.06184214961405
15.545633665765811,5.638082325511614,116.34506914935565,216.06906578965982,38.237612106325045
39.08753883293676,31.24105018052598,191.6601283057313,201.33323467669996,105.70775628000817
33.253984700833435,20.86811402081636,196.9392574260094,270.7599243897225,84.43739239856438
38.18496824692568,33.17203095538689,133.15490803265516,217.13343901690183,74.56781843155346
36.844820512829465,28.96349707320996,289.1396294000565,221.86541622431253,137.4714326505104
27.936999364332554,34.93802331600013,269.9950742961324,314.1890158686393,118.32686101836012
37.6562270506935,15.521354463551305,233.80446746582166,392.134332924973,85.8729482360977
12.654775061557585,28.015648667933807,192.45911220012144,300.90930013984377,63.25432070794692
15.879485872574357,17.057927408277266,182.35310831690168,169.24486676624156,89.05754226960049
11.356818667316142,19.396268609117264,230.19469343019082,168.89590346351673,92.93938550059129
19.759909922897933,23.825163896551103,209.0863738813811,387.8558052113915,52.30526232438265
21.660318690684463,31.21031342559016,112.45462117637712,224.3226975768334,39.37760274963673
18.140470953216877,34.52250407597886,202.50052975406635,173.01674652061885,100.12344017706327
34.86212527455788,28.048202415935545,261.2807234465679,299.7611467875954,106.7415896121811
20.70259980080768,17.533003465020013,191.8479755193916,305.91219457256653,65.35100547202208
18.428035290621423,17.640710068312103,110.39131551085369,312.12620502967206,24.657738722466767
26.280882494747456,27.127469047666743,257.25563987680664,216.85050696438532,122.89667975604424
14.22772674924288,12.16331437304907,140.27275642719488,153.77767105361875,60.830774832490214
34.06590942262119,8.31422339394184,151.72416697760775,391.253842363618,27.418942867856025
12.236519310393124,15.638664729223295,132.94127068645918,212.72326142277564,39.17254309512913
39.60660809801552,13.617169749622452,166.04301297429953,319.00657201313686,66.23872401430488
33.16734307889972,13.889243613679703,251.350301137727,326.6574674696774,99.94104964167838
15.961470446025173,12.008232531497299,203.87717190078746,302.5018542698714,62.61476361580106
10.165663513708072,6.262795689090856,140.97625483014252,228.22684855341205,37.7645794932531
34.463842853645026,5.536218042002414,275.5660156304082,217.77406344101644,118.33109545696067
31.205720315428515,34.63167169208094,275.91637099030584,299.41707067567575,113.07458702656265
31.87021504122962,17.83319401207587,274.11568500920134,366.52390840292287,109.15628649632116
33.13811040057837,16.52979941479045,147.75924227630787,386.6834322308489,26.610084981871662
12.22133955202271,25.389418480792095,190.24786883619763,176.4764511009394,83.16994048987213
20.753971856328178,11.547616635951925,296.99793122817505,188.70715314942996,140.86221732602564
13.476071785753891,33.49883551850676,254.40249526199807,386.1840646957699,69.52032943598874
35.89310277626781,28.59035043246656,105.43348424511197,334.1338070836981,29.105120430475985
28.698943804826737,7.682330069367786,113.04091825209841,370.74845620744327,17.324199636785544
19.926940745579476,17.52742327354785,192.78627536246654,200.65815853383577,82.5237821625303
11.906750508580709,31.37354922686494,281.844041172312,296.8964677773505,119.82220748394381
19.329469651469864,33.34196066874231,207.74035959054285,325.28489860436844,60.936367701805345
19.75549966080241,19.022045337496092,199.56250160685806,320.0279713617432,67.58031251039054
31.88818535014192,23.40234167632123,121.09473999132612,252.03792271667453,46.80702754835574
29.126724140656393,10.011018382762256,231.3560209448588,153.8487229228271,120.07255148940115
36.616382277289794,34.7350587841093,264.42063212004507,295.7315142010658,119.98417243537021
24.16644775485848,11.950151041503302,176.08400150151246,213.27538479490218,69.6393463225636
13.58782737814905,33.281953224053765,255.1223701850655,262.56356153572256,102.04830261742032
31.39734361668985,24.489399469771055,292.89533078016234,389.39525377095435,96.74380211318206
32.82355145850693,23.232103846365774,140.75329182553781,249.75882941060868,61.6695898542194
26.83831592708489,20.38065533049526,204.66592623894826,359.9504016661067,64.41852445702192
33.12901539863683,11.92009435153276,157.4275916169151,197.1351514373128,77.55930698857979
24.81386789093172,10.295840960165247,258.5708838067679,318.1151245062572,98.89285522836319
25.681984881459822,11.61458627210526,215.51867317623152,394.25173860973587,59.777051854016584
22.826230550756488,10.593147864327635,226.91648351006074,175.4732752182342,105.54296261027841
10.762573802322855,28.3875342070026,259.5828319231788,152.079985556798,117.0963964708824
13.236742809799134,15.503757775001903,179.19409453249096,258.3956981581536,54.59732539670937
10.942875570602027,6.735280296901891,283.01801368140866,173.1563707628418,128.58629033457484
29.092312337913413,34.07307890422434,206.605773449228,337.0960874190579,81.56111981093035
19.4306794322898,31.51357654890277,131.5909645670696,378.63716596213976,18.876113420049244
25.257120734941083,32.83256849585639,239.1798236337605,258.5052431771897,103.17434405441847
37.22699421778279,34.847234679393054,258.6522700876509,214.67791053886026,127.10324683912869
17.47876687446625,10.216857476584618,163.35233541350533,258.60082975165244,57.86785672530779
22.31148769106889,16.887260567079764,271.4358513997506,330.86195446250025,100.78798724881321
32.66653415629146,27.74715427112274,281.2286509531533,152.26354039509275,159.32507818624686
16.863944964748676,25.880618541613767,155.3808974755618,297.3634973711743,40.081475411930406
12.309397294863789,9.616877190195652,296.7042945430444,303.32292122184475,103.53010452501188
18.69254358741304,29.474993749718532,128.14230560975167,309.4220617239839,32.1405030675529
14.836638617620132,11.733217155099819,140.403133680498,210.5055199952193,51.72218657046004
37.890929570277194,11.714528444678692,136.84496784760523,328.5131808445317,40.46861175678348
34.24361138693251,21.109232686802407,278.7979420015741,172.8478715829441,139.19225014751643
29.002112695312704,22.788198045251093,230.85851046499238,199.8175841167002,114.9109256235995
36.143817705631534,22.402586235134336,130.42085664445457,369.36751166362046,35.57843283727662
34.110162306973436,7.744605121932646,188.06468367366978,334.6807876816416,57.12632517984648
15.597101766581076,31.32382587891141,223.0596050139604,153.4363885028363,114.49456798887871
36.77676995469933,12.968001277661182,116.69281699787666,212.09406509245005,60.09040537348916
26.18026725746952,8.885447638484125,276.4832736814677,203.60162074829114,126.80264327483543
34.22320465492187,31.662442396069316,260.720707088307,217.70158200924314,129.09532289694337
36.8827389977048,33.6695449468926,201.04135471532766,211.8899425699716,105.52003238148066
19.540104249155917,30.86382851796352,293.4253230518341,165.63157393571143,139.16906334220724
13.301557735830302,29.285482241746344,183.55219585501993,264.7351291492051,63.4061203546775
16.83805487625825,24.65725941917065,296.82206380729957,333.18336869654127,96.88006216805343
22.813233658787688,21.52572111827418,233.58399976072542,301.6829311793591,90.54599513451795
34.54044297767479,7.609602797342304,226.9342546507883,318.21791714951996,76.93131300462336
35.82191749769031,17.25359639212096,133.190979059157,170.28729463405978,78.88874266070009
10.208563915935722,16.18065551036942,276.3855516609288,387.8726775441968,76.98868763765218
25.32241907732697,12.792613512809787,185.49793758412304,359.6229584607562,48.86176150595891
22.52233009446337,26.70260341065755,132.44668115649586,351.2725796239157,23.858800221810203
16.663234314121908,19.876272052363124,102.5215039951518,355.74595126044187,2.9648364428836085
13.595961020010485,7.431386477229438,211.9511367276765,383.17762703319033,54.53888444211758
20.12845514210884,11.60549605849434,205.47992442453528,286.06349152842444,57.672633555142724
38.287291117375574,25.497762909787877,243.8707244738317,200.07050446690647,131.58525004081233
19.696087960622656,7.283925784709005,278.05161060356045,304.19590196313527,102.81879041857253
25.563718652300985,30.53620742146306,115.88131692860591,335.7203734169848,19.373312689899617
31.090568766855334,19.85439581041923,246.29929806807246,334.4793483385064,86.7059911576988
20.90888807137882,19.41759731979944,137.48238881951644,280.36225604172,48.603097990498114
39.15346248162882,22.772233539785528,271.6354106314328,167.11467983339452,140.8216749965626
38.87341884826334,29.740428977754476,263.81270277233125,242.77823460753194,122.60481568361644
17.553468874760924,15.434276237065792,208.15875099710888,380.19165211583936,57.40067575813869
24.91745517677156,25.340484576771907,242.0485597246623,296.1122274393565,96.03070827033825
19.026349294503092,21.97195891987373,162.8700226367497,284.58298581392836,46.64145338447177
18.545214831324028,13.01084810508264,194.23357978656293,217.21337859554836,78.4966653477789
11.106608420635984,31.35889959065474,264.3273795420943,242.11222997914473,101.90543697072202
28.286930019396905,28.922780648207844,191.85303943464277,373.8365222882923,62.96970046175581
25.080370696865845,24.753555039752765,171.55965306508836,316.6157618817089,60.25389204998656
11.54436253749968,30.51745187282726,198.84248945006,346.84675668808325,56.10264997337099
18.359393927098346,31.01882602879407,265.6498504874437,263.5863557669138,110.90912234689107
37.24797657899961,26.250889301451043,167.04160947417455,307.56180486403946,73.48803244225124
17.186856720009175,30.110399850910163,134.75231862714875,212.0959021858019,52.73801584463552
14.346846162736693,25.924143850078508,242.40280406615616,326.3652075708716,74.27370997701264
24.68358280832689,25.404223152809013,265.1956425416164,256.90033342583433,115.83325734230708
39.56951362331802,23.558341346455528,120.12749570470666,260.6363787036864,62.0898206618927
17.261658145345013,27.581499186729236,147.97482255118894,312.33058114422045,33.5312738531159
30.164066422176358,9.758153158792211,128.39439795219877,384.0701553672317,17.63455315456186
32.84858845986153,31.426122775967855,169.58828231643332,166.00158665215523,94.38276161897245
17.12912631977199,31.15530583235696,190.07019578108253,356.1858093367519,51.578304583686865
31.846490458355788,5.877418491036774,249.7652673926613,223.09577760304828,107.59237818783008
21.033493981577596,29.77450251694288,230.22951697633482,260.97986362659447,99.28722098434582
28.969174917807383,8.866096024203356,224.18571349568623,155.47833219375224,123.43256266068589
29.00589132282684,15.053565627774256,170.47498932193088,225.26151945857828,73.88663081096307
26.073240522242756,27.30524768874823,268.289510616952,275.65781065753265,108.54301845270814
12.70869310163225,9.822796881449246,194.2574334796329,164.04401933685975,74.6889037929177
35.05907486767714,29.539010723571867,295.8209876030309,272.7739323457913,136.55455034967636
19.623401949152075,29.964025338732256,226.82842765914737,381.77765721460685,72.26599826417493
15.595555311995627,20.224032012825084,125.25294831290054,176.3483045269513,53.276305836980946
11.223254246642917,5.191576151505007,235.2355124150868,341.1101820188761,64.91977684193975
27.726788295647253,13.611143995247383,165.0208030863398,252.41776334399816,60.34526445051576
30.326930855268472,23.507807551272265,237.26543933721948,313.7934286310845,86.72710272839886
10.497634867835684,34.435585340822705,113.92822963248115,215.05914949630733,41.85482504511887
25.36279174897843,23.954405810500052,134.97628743519186,189.87306563533957,66.5589438397887
16.79487325593814,12.794107431924793,271.14745178115726,190.11565356780662,112.0960770778916
29.355183712283495,24.020171092988342,145.43591140470298,167.62298641078615,82.83275160882097
15.230992870149743,21.199561391475665,267.408225048588,196.41167622531077,120.83679609726435
30.728132143073978,28.395361854534308,155.85521769088209,316.05484624724204,59.81572709254108
21.602060389016124,8.209419164808752,228.57638201174154,370.42265296087703,58.23749573192532
38.101899662102035,27.830837075060842,238.8301147019662,353.5314213977905,85.71042314654768
14.125628324379797,21.23799736028331,202.5309506290106,321.28357746862105,58.935815139533425
20.231990531507755,33.88976011576984,161.06213533934624,177.60796585277566,78.87591709353111
13.404205637217672,15.256164981160582,142.52887527421922,222.29686157398746,56.08708344106925
37.74080854835688,23.978656794018445,106.63787091248524,227.45171883061724,53.745230136085866
36.32018060142943,32.960843165300524,160.78928024814476,212.4892365994053,80.62778385086486
17.73824883145467,8.075291839720379,230.6325581062566,278.7514149274308,76.04733664639252
29.79952138102537,33.11685461709354,287.66096368969653,283.8884537199182,131.97746745440872
34.51666600603647,25.636571669024402,274.2408964526104,239.22149379277755,124.75692664453263
26.65602434798387,7.035111773155157,253.21295530706053,238.44728968410902,115.49471550090372
25.889517350680194,14.028907008404488,257.6894686506597,357.13889947652035,85.91531716505874
17.25556872701355,26.24516265935845,232.99698069519906,347.3232120799214,81.66476207412285
12.793083034176977,7.0205180440631505,152.0573715132006,226.94895792018642,51.37417246341994
36.91647273859981,22.465113805288198,281.439006141166,378.44711096831486,105.61781576217403
37.01254171489991,15.376491708588702,234.1464623811668,388.2037542506265,76.05847936582401
28.993043718198038,23.627465533024314,212.08812619608798,231.6856355075102,93.28507124427728
20.17089373146102,6.372261014375385,122.19789384269622,238.60623719826373,38.56767623305298
20.476287238379825,31.14610418457129,189.41110876128508,276.4085383554897,70.53449023670842
31.778670366107182,34.2046690753219,192.07165424038527,385.28020313341835,56.69506646864775
36.913307798577314,34.06633565857074,272.912721904534,369.07985828557787,106.56277917999633
36.61259272795352,27.48955495228774,209.3296440375577,175.64199064589747,112.46624970624424
33.396266375728715,8.902587203918959,176.08010979408192,248.18268581785406,62.147636523154745
29.26094938462863,27.74789587787068,295.36006570213186,288.342797437443,129.03544220858493
12.524198949851465,5.737607493764045,122.14411866526314,275.783118137885,17.757470989480918
14.848861422838413,5.663706545869918,184.5096856623889,198.46576698422317,65.3732285203528
36.956625655812374,14.708306574486237,108.40493503428105,364.70419279203867,11.80269972017501
28.1928717897877,19.659295712139972,247.98082415338607,319.2351957492093,84.62599658298386
10.27591154849889,28.112222534233798,283.6153104398301,359.47709371295093,84.78939496083265
13.044146285980963,25.498861298195155,156.0074659100979,364.69106983736805,24.605389617666198
29.905053073241675,18.37708119130245,271.66833535982414,337.0889634164349,112.619837500242
10.15184751538656,13.208799988449977,158.44364609237954,259.80265031242936,41.71601261307212
14.824241542524959,34.913735004731336,282.15403232878305,302.6366887538561,108.77194268039982
26.462013680997583,17.78543906707919,250.7923807193568,190.0913515299358,120.88556965114472
30.756855930780798,18.541610729890266,260.9813553682877,318.41135436872696,102.63170070506942
29.558837785078016,9.908714635750076,103.6013111200909,194.8133139348202,44.070460088238875
16.728079283816793,28.84428646249788,292.5620714148052,323.48739762753917,102.64283672970133
31.365376640426074,25.81046677344466,245.33419841406464,207.39954018849215,126.27727025510421
17.117472624904003,11.623088383662811,160.95021907722668,179.387825037555,75.81443236431382
19.76199094477803,7.471431368475281,265.87893297176936,191.32112253573936,109.3129706744884
32.394742153540726,25.414979062241393,156.304239682986,150.49803380476757,81.47265756761259
29.48898697141644,24.63533642843406,274.5507679132256,329.68490446338257,105.92114185771462
35.47670231482534,13.19778580994628,122.5160780823874,333.1002622645948,27.155995208567944
29.7283867690103,33.52590686751231,240.73719549215915,278.73333747831487,105.99223949315787
27.049258100064147,9.531736753427007,208.13969532898207,190.34070026384592,91.85927410576821
12.810243034842774,17.970044031278057,119.30689403908816,170.88858437767243,56.940218120300244
21.031474091783004,33.30847760502797,148.3787656517678,154.78224160932174,81.00340003067231
17.956071030451763,17.59181950778367,102.48080725546296,191.43704424130516,38.65826760932803
17.319689301372506,24.155778429922567,193.75359309290116,372.7138837457867,53.57143608396668
39.190316642573364,16.927831938883827,160.25305215200007,210.38421042542043,85.00978900842634
21.792931740002814,13.2264560704601,219.67149685955178,238.56783180430392,85.70472684176414
36.7613966553134,34.51932943879485,159.44756154172345,176.3363711203333,85.14033647997441
28.934158779917887,17.280020189451292,159.98382230139694,205.59032618704256,72.59589430890789
33.84433910624945,31.822976110374032,248.63863974632068,279.8061426950513,114.28863607475157
25.079112793155765,11.898638176732586,109.62856719567068,301.93817077391316,23.75483312386418
27.307116538790773,11.3931411207525,280.57899903839746,211.33807854155276,120.40053696719156
24.77553081456592,5.934022486535341,270.45277487823626,164.4330398062793,124.9262886557214
15.857289633941335,24.55000476127655,233.56093664528132,247.75821728184968,91.90979368383486
31.67356345784516,16.055790311712833,218.64431402147687,208.55084273158354,102.38924830258254
18.423170873225672,30.930747495189113,278.46049962793046,204.8884808074505,137.13302548356145
10.729478992943616,19.196297200746713,137.0660359057429,389.9657006783638,2.952410459782584
29.364168877215036,34.045802837441656,115.79383243816572,304.075121481431,38.31491408498057
15.313320382211469,10.565765471093634,147.9020339819076,289.219610793024,43.97304632108771
38.21375753058743,31.058695038668322,258.91565574003806,253.9437758808305,134.91493595703736
38.617857310077625,28.297905583752254,106.93405334529666,257.2360833575361,44.38148040840907
37.44593170661346,28.12765533932156,216.56136701669794,285.2262509595202,97.08762254713315
21.10476100766333,30.343496843506628,299.087503238262,324.10745175902684,118.55792091250153
10.463698495866023,27.830719728289967,271.1392187675079,325.5365240454573,93.15988794760874
37.84955687763176,23.786609648942463,204.2891378087179,192.92347692636238,105.48127590967809
22.84552444951943,8.937346330471627,112.72818185732847,275.02818801915674,29.495953731090143
38.999644571310085,5.9757853847375575,266.274702877142,252.98952375852548,107.8706675332368
38.90859931267758,32.6254354344706,219.79570163544213,367.631741567346,85.69636003504826
35.5902836640208,23.49950943562214,122.98659941191337,307.8547303045941,41.075322925250966
18.83346676208757,28.89611872928529,118.77145696467124,283.1260166039955,30.383759706100836
21.552931858057757,19.4456705453765,281.92536388731844,178.84866054472934,143.5033074633703
35.534100145505704,8.519245668871834,233.84005258761567,301.40947233085285,89.2465155507506
19.50766015468833,8.755573766076512,265.8573598633511,179.30097642005836,118.28590495591237
15.084782400582775,25.56695861686914,275.79578005645345,234.301643891438,125.73324126648976
26.704037873750504,17.909176846983883,214.35447040966443,185.71049120358296,97.61081379296192
38.08464322482343,11.015741801010101,203.48927035100826,323.01841175609223,73.16281352976476
30.88089390024919,19.747836402243106,186.08548206419803,201.56302845903815,87.62407426400941
27.101835102680948,6.926268112254022,163.38931755822387,247.9648432970065,65.06471104617934
12.915294813123056,22.459142057431965,186.91919217174234,373.91869440469463,41.78484820942685
28.45021680097509,13.06980213305293,254.77593114603127,201.07909584974257,112.39013374800176
39.7016155031279,28.926773019115643,220.38468620302632,276.9512659896948,97.58057139617527
14.202520457095721,14.310858767707213,278.50465799096924,254.8179152915055,105.9072477671112
25.5498895709121,18.656604472454035,188.67600287583753,154.53101026143244,94.08258715798293
36.32119215783867,5.348616197243019,221.4179157437508,348.1895283932032,78.86180907182774
32.22305853262613,7.173406633836766,226.26151061839775,167.26147657864993,114.69995758916069
30.91047222985804,16.774806692200542,218.33943246126512,268.5637552442384,81.33772620308946
31.07452251961328,19.398165041513707,240.52675461710328,290.16957373473747,103.22823502755317
20.784734536592655,23.000616443579112,147.48669367496126,307.1066141536468,42.11284079908224
18.8077553279348,13.749877361279097,202.47275550915813,322.1579073269689,67.8986239978864
34.28083466435541,25.849456583796275,120.84496056166954,213.31809588067875,60.159357447775605
34.30340184037542,30.803671915676137,176.90226552896252,152.49469416461235,105.14263176724076
36.01216955740311,28.395529666800496,197.53341372425288,330.860915588728,77.25564484759411
37.397216576694134,6.188564760450714,230.4448519090945,283.91414983689464,101.9450674576726
25.340271965828133,19.415208417734867,290.1062105172407,359.0294258018122,106.95525337632976
25.045488840615988,8.147905352545246,220.13021330967118,355.34709072517353,65.98687495584274
33.948855369003255,12.261350475875824,248.71878323531195,360.8315419469708,99.39274626846158
29.498917923332954,34.59987779801439,201.25321189904054,271.27366499488505,89.7961562400134
31.0590063177311,9.274866287045397,226.82080627526625,233.4070989592164,102.22737039111041
33.873780083083034,19.966644603540683,114.18644322675469,347.8895506478425,19.22280684864578
36.70016025452699,23.544672029543573,150.8783161683694,262.82352825731374,57.85644415788892
20.139854705546075,26.073949116323117,172.37061864102773,195.86054910085863,77.4108454103852
21.26748857919832,21.789460504607423,194.4986710013027,363.7435048903686,53.77906952615972
12.819458195226069,5.2931254225755096,109.12974910047674,370.6399691930868,-5.79022793046707
27.34840422988522,14.793839247319756,128.00481951066354,266.5774390350425,42.708710604487656
11.078268213902263,20.531349301541344,155.36286155826116,168.92493182744687,71.8615984154434
23.967940543973803,7.635994974345,294.30653818021017,246.9565224792328,127.70412789449256
26.2793390412273,15.518807936275422,166.26940142061017,350.88441486565085,37.93188880227569
18.596237563848533,5.996093263740997,196.4082116224165,375.4435071365572,44.23367827838322
27.724997817070324,7.357354914650623,139.2195425476786,200.86818562439896,54.798506472748144
10.915007498171484,16.907698286047882,222.15601421515365,166.7434030063179,94.595142408622
11.120445662476433,8.981472621291811,156.13664310319487,369.33761328320963,18.723518883175988
34.67801681978975,22.026225447846745,141.39851568768535,247.35123474471882,58.1910640720647
20.805719242337886,25.683949074117972,203.31452568919582,285.44024106689085,67.64329788745846
13.811815379556544,29.017600973272486,101.10115983208416,392.01645301268974,-3.736251498459843
25.667297801644132,11.004507327344303,101.53280652984506,166.64118197855572,43.470319124493436
33.09980659295832,10.024477467772092,143.81376182037155,312.0795018630239,29.330925602267946
16.474630824905297,8.137035210032007,107.34427250016422,168.52635564371678,50.85254046678092
28.686714274570008,24.0929074863091,121.60515082613827,243.86723211662508,52.65022092637622
12.560423949813039,26.194271794607033,167.77212986775032,350.9536362983617,34.72045474781038
11.55045163505823,5.947584344769261,260.51713591596257,258.3680581889086,94.7036881803799
25.94063894704444,33.086367387310695,214.40972867386017,399.2955884757376,57.16589627902353
26.219053648303195,6.559138509544172,202.53354519128328,289.7648212366505,79.73540720887168
29.122897044946196,21.238890059032116,158.69776464162433,230.29053815898837,77.44720281654665
31.782740011679845,26.27181558352749,286.35074388656324,205.02783147618828,141.2610109736787
39.275562383876036,31.129073712382567,179.40300824743832,237.63013357154045,93.0523026511534
25.48901044903586,26.422607963972833,117.4185533591543,243.13331843988772,44.277037634689755
19.688694188237378,29.051842492093755,223.41330322356026,167.17841943099023,101.05384862942047
33.85558584306111,15.183505776284182,122.76767869532028,242.3935498566933,47.48553293883734
18.124967537862226,29.444753412395368,169.04462856033842,266.05962993480625,60.303428181076136
23.169142621169083,7.403445391540254,201.4823877435618,330.68443805970117,58.08791538052078
12.35369144026798,31.84449968181583,274.84450493703514,314.182371180402,97.92881490202112
10.760522302463725,21.42777128461209,198.70931606802372,327.19141380728854,53.49612671236318
38.87945244033775,29.51893309887481,240.45175320633285,152.09092046921427,134.3625419019289
35.079403615366175,18.569548535549004,298.56336779981405,204.41684989513402,147.29399382632528
30.87922618281094,24.30733085589575,126.29782397959633,315.42107209996414,31.75725244083981
22.268588332428095,20.792079828083395,154.9463051039039,270.9973420449368,48.74109801169241
15.198829602125373,26.947685652659956,178.91521511952928,151.3283689170865,78.01238182534578
14.69311128013258,7.448899460917687,184.36563570776627,351.12366060795557,45.83632234310439
17.50728694493786,6.810562519716914,182.20421505310915,343.2023933225844,32.982392464701434
26.476799941183614,12.413097020304393,281.522200511311,287.10479074839066,119.01346288160019
31.43787768100187,9.78634040339565,242.80652889337128,166.61583144406802,128.09804941000644
29.80592130153194,31.15350699776605,221.58104281814076,341.6287623831462,79.1446551380834
18.398016908378285,11.57641962074133,161.87454357255643,295.928396932841,31.92724637349855
38.64595841989582,34.27595767457394,264.75807684425894,345.4899942894898,107.67404079268388
32.13690750087305,15.106873753133206,291.0121022969978,337.9367480989601,112.8393688489012
26.63062157534202,10.463537470660977,264.2396565100453,350.75051798945924,86.36029205895811
28.351622387030567,28.690955214274375,100.31302103829458,279.50201660115624,27.968599703781592
22.588001872833697,24.761233265026284,227.28027403668142,185.08112954837875,114.77365858075656
17.431929685034724,19.94587149359417,110.22707628842015,317.7893683449222,19.809605482840375
20.679180359537845,21.660906528128937,151.52144406674438,305.1184462629926,38.155828454952115
32.735383313931074,26.576053348167914,111.90494006955434,335.5632967997718,20.012937482440876
10.431804658892677,11.853642239938962,220.75909058987753,192.47025151268383,87.15194480344898
13.482179215207488,34.89001748170226,237.31798269852135,198.7437999750723,104.09569607417068
11.380079260652582,34.2437948644035,122.89752761318103,372.6023793048321,13.7864857502838
11.221864069569104,24.509770590408106,176.76777660899592,337.4944496130177,39.53883725183383
35.66381752033021,10.986273527874353,191.24730179110838,377.05712217508074,59.59666041197383
31.109735781400712,25.40684727293874,173.8106043521833,339.67883029098016,66.15514912519896
24.225214872619755,7.165952269375275,124.2050000970386,299.2888264975754,32.85219744013392
12.935024819530044,5.919575066174182,183.78955803749508,313.5331842569684,46.07159200617628
24.74847625350497,12.73048665533641,250.23560956168362,372.2819809850025,78.36358322797973
24.204153123416972,18.87868870217949,114.2015329066511,294.70168862798516,26.403992166216582
15.196056097300456,31.048175162251415,116.03600281638069,308.09783108209683,28.772937180547483
23.01554947713919,26.81507209298924,170.95425836719684,189.11917900090015,75.97368736327002
21.955142031921206,27.28119563599943,288.345142323785,268.48030502902566,121.45109601742409
28.475502941566493,17.76480003344226,233.71452934458281,329.09927798952475,84.40324094707775
29.052809526029314,15.378049776408888,235.73399133451295,217.73567457909135,104.66660234112663
11.359120293161336,16.131162889538082,172.383998167573,200.56354513113374,58.14360741952973
21.238378438794136,34.62948691208173,218.73215824170768,228.4567020561039,97.66916005238123
28.77579747142709,6.203275742374474,102.02623680554868,210.37515699820835,38.51468784370977
25.094087757402633,31.010944883673456,227.21920928190843,203.72815925909896,109.74372880734143
35.69469523564967,22.3602622571718,282.65738951524736,256.21271071702176,127.68198594769476
29.76080894856835,18.158462575687714,222.51469366896384,376.95962847088356,76.22571356593143
14.88803281244289,26.757729812454095,274.73971869326897,276.7649116846796,102.57075329732989
12.117062422012896,19.600068242741088,244.79461109321875,196.98009520383076,112.13515833636532
29.27257834618947,31.202697142449818,124.11168328073805,169.24291734521853,57.24794744187053
10.795339316248654,32.02105592033776,280.49066145716836,324.0390362844813,100.85396202357262
27.5732674382039,17.651627806203663,113.28876887115497,245.69969110909696,42.23570191881544
38.20690724274873,13.304833917051548,206.79349450955277,355.4577366463398,67.88439055511844
27.26422533627637,22.770509857800867,128.42742475869153,314.8776921601925,37.002676862973686
21.645097786195656,32.37090036850073,102.34132214618081,349.06036263534213,19.783530234329515
29.298646553270594,11.319865670169998,184.4068520255278,217.9865098546122,69.35690678873861
23.7475867147455,23.688997506904485,159.00814153083124,323.08973061526456,48.50461730368452
26.36850367947805,23.946806602775617,197.20009875952059,216.0154961734297,76.2094409678391
38.24394426329576,26.99339067245843,215.43997734691015,384.76711986257294,69.63141329569856
21.58307913402323,8.947030553817793,108.74781446178947,309.0935703833436,25.651597452094663
38.83571691471742,26.474748940462657,124.60065902474912,231.12795004383554,57.176827550559906
37.160519258681916,32.270975619969235,211.7284792900851,217.37796557306817,100.92895480132034
15.873734043678894,10.39049326610726,168.63347063453165,197.7316462679109,64.59685263353555
12.080839026254964,12.12629974771633,245.8346975098896,323.6602397234319,86.82739364639505
13.0233400413228,34.14185282124919,230.45832971838794,204.67890324948183,90.79620085270048
10.546654769546493,10.429308581284694,269.12087259798136,298.82581648187227,86.10483983444212
12.83328882267785,30.631552801087373,238.49856533384505,216.15875673133934,107.96078663502128
30.490203202490704,19.768335693441045,185.98621547802964,315.49223619846714,74.50583548703491
12.13565945380687,12.416932232095311,234.59332447888647,353.73493213513484,64.46612692363894
19.569268908812838,31.122497038175343,155.0762348510837,344.5063107861633,32.43375599417886
35.34625932908364,18.359157650079965,161.26269975564253,340.21283273269546,61.85275559861887
10.698158072074776,20.444520617890706,257.79703198415865,196.93060142306302,117.17649030923974
34.43405447766807,15.777001081992971,189.28390328031645,172.09623674612968,100.89778313647581
18.455643243201997,22.78852554304782,259.6760681036705,324.7372071218464,87.42965314025483
13.544944828649687,9.905716177550683,264.4844747336557,242.08680344858783,102.38740068910505
30.902114960924518,16.73244609955282,271.5124675322568,258.08655660083684,118.07854783934232
28.86828540339652,34.082369670058625,283.32704716824145,157.78727319834778,150.07966469126387
36.32416040581159,12.744002981033827,186.19704410265925,214.8941123187623,95.25723599719326
32.05213131411657,24.702099936238767,163.77336366422776,158.419100968616,92.65228187624258
34.10442791154546,14.755701926740846,216.43974931882278,369.7964431503119,65.58395855168385
18.461037177139197,28.20419377059802,174.2344846875255,210.84917080463262,80.05997830582469
15.323186313391684,8.926209821550495,220.2148333600466,289.334292393252,73.7426308986172
32.51844254922575,34.094631352356345,241.1171725287649,159.7448301652826,133.288092655708
34.20504217801792,18.61368624150918,237.68100369842736,316.71184782641456,100.77897619519086
39.7151542600202,12.081513900393919,174.91057740402425,230.75683643852346,76.14259774487401
22.378530307342793,7.20490241990038,133.37204033975055,374.47979673941643,16.67522790030402
21.160542573783495,10.092737152626222,186.1058676924415,372.029547233509,40.94600684753753
33.29238882225991,20.593218456680532,128.51882881638176,231.32265459043694,47.967462958088305
20.224106207590538,15.110095292938588,278.01940703676166,375.24022392261696,91.40752217583604
37.922719768106944,29.866500976478285,169.17549214757148,399.0394183746947,61.63577126419795
35.75238255529035,17.92662570985418,130.89194944466476,356.353916030987,23.954696550794743
22.86982082125055,12.461428177628896,105.08955198115018,361.21783693880724,7.174090657855398
32.52613203374492,23.5143495981209,229.16447725729685,212.25218402727248,113.40972700500001
32.63628622254047,26.203316506563375,227.38046349094864,294.17559971443904,94.44052674086879
13.093716065077977,10.011257237028495,168.1208333162583,166.81397849184197,68.61033072035299
37.076587200386996,10.02857648864953,114.3423777695302,173.72948420541744,53.599052933356944
25.157571173435713,6.100142808006289,181.9257789790464,399.72315300832264,39.13829238370995
34.79372398323225,27.092060451969214,162.2434990126787,231.65981235647774,71.96856447214073
19.601488030918354,24.914135828654153,235.42412794700186,337.0459780122116,67.50869101949677
36.86569685488601,19.238926272494417,221.15584989053806,351.66626325670416,86.481868762154
21.676050362024895,30.325113469075912,172.91874563950802,364.5058177518073,49.78851269894546
10.32512954440895,29.170104588501594,143.57851085099801,399.4070743505391,14.177280451724219
37.16145929257791,22.560630931902566,297.60719323111834,210.37412131421695,149.37150250737741
12.738600303584008,31.04813841539776,190.80032423922296,160.08770671492493,93.25953260769084
19.579409127712445,11.175236301103048,237.65484715604742,252.7978794986465,93.40564415468567
38.50185901152415,8.357588581931836,128.11059351567215,182.52016745723674,70.38011482399416
38.51821440812668,13.092488345509688,197.11793993187956,155.60647229051378,105.69258253362203
27.203136643698585,6.712605682679445,105.5073439738931,240.10670678537153,40.068540342504676
28.95511636509398,20.93508584003096,201.09102358208997,345.9345627688091,67.40714671103105
23.453365659349593,33.098170768848846,292.80348142354046,291.5451728062677,122.75510962668038
18.796323150941937,6.180306220055289,176.84134259716006,228.1944973025885,58.3226167812723
19.85993636109748,8.663297420300804,107.79920251498231,313.5855013731799,16.104218569331945
30.175553682311154,18.565970848503056,106.19115818386871,208.0045450772027,42.045129689421394
32.5712358831304,33.01625052583715,177.5973519893739,153.59536151802126,95.85005392269571
33.74737131177545,14.484683149302516,132.00498729263882,341.08834660910685,30.051248177128542
33.68854428383662,20.217044260651775,104.67041926563718,305.9357712160023,23.83282943538683
12.736183091460711,6.247185771511763,251.24272279003537,340.57565612524,85.1931893896766
24.832609141077445,9.450296028862667,191.70460177637813,159.7345041719164,98.26327148526855
11.726762800499328,34.598903688765404,157.8489543945309,359.27990695766306,41.43141466348324
26.485866469712064,33.95356089308137,280.01663660329615,304.8815500090758,109.29229464574917
23.24591504120131,5.148199428032289,123.22779204010513,290.84883767816007,28.941589095345737
36.63112548274899,33.55435356269717,291.1837657910638,306.1535120286329,122.26484881879318
20.52745037656236,24.17359813446501,162.79334347547058,366.10831171709106,33.37057474992115
13.512010492828175,31.037548835600663,277.6807344617363,296.73412663972675,100.02378003078266
14.289750461585076,18.642195669015774,220.58857529589233,295.2375949720448,79.46914775571778
32.84531895152416,20.46788085737751,265.34147194829745,397.66978926644146,88.57224914878422
28.54654189948783,19.665397407707605,296.8026326420928,339.18254176714197,119.64355737799063
13.033680283683708,25.00592772638313,157.68108756374914,260.5734513627838,52.67518050212229
12.523204183449923,9.189537642689388,292.2270970815186,326.84925000823193,110.0373169392036
31.0290739437736,5.899207696180339,177.8963789804841,247.30761792294712,63.68246625382698
12.182890190925805,14.237898247735728,177.10238094738446,207.21886562087474,72.42126517551263
34.65580177871068,26.1404228820994,168.07742085090115,299.21296922193983,70.4950892206646
31.187266814694887,11.05560356368845,208.28152146951703,382.0455245284879,56.13125615978821
12.440463419256993,25.20297299974752,130.82900863569742,382.2848800038657,16.506457634771223
12.545131422555757,34.097361383218114,210.74229707160225,235.47631952637258,85.22192299866778
39.59918735503526,7.817021473682551,208.3409624820008,281.9193665554237,85.67368295628157
21.22812387268361,25.178063546753787,252.380362520974,202.9089746424653,111.02462705930697
21.11926441200673,18.312506579137136,266.7299923875171,398.90777737472087,77.37705696491497
34.383987017725076,31.044267631325162,188.0882700624848,395.2794769669839,67.05777002035288
38.41745732151576,10.314493683421578,160.46664987029874,312.37723242686184,56.589606506803506
39.58003191468613,25.778778566784936,151.8669794634189,351.1035149193683,54.02109585727746
32.60134555776825,30.143458689443307,138.92476734097437,328.775040320925,39.87699275101202
21.287787565927474,33.3384265842207,111.52951643980498,298.2895547598671,24.239340564829075
12.505021500960062,25.497440848689376,168.48959576694267,163.3369992472244,79.64057153565103
33.3144074778231,19.91524292025282,154.04953842615666,263.69108563816525,55.16476988602195
26.752127492074152,23.535417206036414,293.2834771732815,318.69657554185267,114.28868179421411
22.726660277409287,31.067149534361548,211.54176525000878,319.3829034709212,74.5659120684172
37.19063155284208,22.11829239916489,169.4554078061015,243.28065460559588,78.01642895315497
13.33592446918454,5.911611790905106,216.0935201987392,385.42299666450765,47.50891745400645
24.778753128725775,32.92846086520933,127.8393402691391,191.83925805919526,62.23245819075354
10.340609343022573,25.685802530946834,188.80874984044058,275.08986155389016,63.828909622233425
24.05981925982379,25.295401573317395,225.24686428421276,322.7209941377057,83.58889692171616
11.689098270455121,11.470254571931516,197.77956635849029,324.2839514729523,46.8963288292591
13.564537488042157,24.766564106979715,180.35576013086484,312.1597391922039,49.60675595987528
13.525787403313146,16.815932169624755,298.7696777799396,218.82205336296505,132.45965210029945
29.476309063481906,24.536989311244763,276.0629524297854,189.0516421716555,140.63652776258994
32.3813463779627,8.197790909239721,224.68119163188803,308.9850817066777,77.04369659234524
27.50106295291479,24.73535913809108,213.87547223645657,299.8255290348594,83.15148791677659
38.86517645423626,34.98241177311999,224.1320959649168,194.83900257231025,109.7939859164473
21.246117385711123,6.446361165816681,140.26242156448666,326.28478639264085,29.039730272330903
18.57136258845582,34.31522552663952,179.02754865286371,263.7929979334141,76.39566755223544
36.057973845683804,17.20723882168612,107.89190657817986,316.94014790078825,24.827010845640224
16.70787515558358,31.122603510117774,195.10920749736533,359.34176994253767,49.217715710219416
38.89667618321834,28.471564521748203,208.60491679153262,192.4321071442308,114.29499617788356
10.36463424069449,22.010487829600034,145.5499472206419,154.78621699920916,53.998576375866506
39.09636480122917,27.153476277539795,292.80576943310274,344.7756465989467,118.7071149715821
11.294797358517283,31.355466839040435,281.8909221874484,302.42435628815394,106.88527346252812
36.73429341094213,17.12420964953099,244.42864709118118,324.9098924055304,93.5856134496505
25.831033272588996,14.810994846897161,206.67732575307252,359.53874374716065,60.35918926318963
39.78894388357901,25.02780156690754,273.993831929537,350.7027337061251,114.91679335205411
12.213896942061966,29.23537825823776,126.13046876469258,390.23003673220614,10.66868848470877
26.615628532039622,27.868554043298474,258.101958854977,283.9837697130296,108.24138650498082
39.079076068572974,28.934409465759035,124.96416279336967,272.12390816497634,51.305272061925464
25.692935325104465,18.06749944438799,258.8421325098811,250.4717999726825,112.1516099301488
28.881959144057877,29.535026485250647,155.1535136502714,188.42276071105113,76.23961654324818
30.872460669538516,8.606271661118253,275.4181162036378,293.1518082205056,113.64757454131298
23.636231943033195,21.334672938825488,288.8084187650796,219.2531310814947,128.37831047672518
28.8267424025219,5.172759814943647,129.75919388102312,380.32687805324383,17.51459832446571
27.529429357693008,14.737574897008109,192.5351210130787,295.79770106927435,63.60304728518125
37.034740314729675,15.993846046141936,296.197475632537,298.21004512702757,127.70763680645815
11.363391410243736,16.885180748277662,196.6814871946293,238.7311652192525,65.69577358799822
18.42889568776691,25.864016200695865,272.709504502909,162.99733799442686,125.68737381218145
38.51234452229676,16.65674303811037,217.74630442626398,157.93594134324715,119.38616821303002
36.70791351672749,18.460808678675917,175.06598158392038,255.83378603829937,77.33450588057337
23.669702583571386,12.126323926229823,157.15671110517405,171.14134452430946,75.83811456719405
28.603977934046103,16.197553748880203,140.64461821721744,301.7117388850348,40.566781955627214
18.32143548943398,11.818088817894544,252.35963827553945,370.24325140991436,77.37400812688617
15.64363479171284,7.195877713053309,177.3081013646056,370.7287041296805,36.93596886502128
23.910952148199463,23.103457801441337,202.25509244015024,314.76135253305813,71.45894381161342
20.600566840781585,25.046383956650487,198.46509600023637,202.80795786823276,83.53705667208135
27.509683355526164,23.584710380288435,215.45580584662625,365.749207839718,69.40803856523293
12.332039108949544,18.90482131401717,273.1154291249104,371.52335882830204,84.61082195843288
39.23184422998499,16.393573405376895,296.1478687166859,199.16339623823967,149.58069485083576
39.586322334388086,30.900009487154758,181.5168417147634,334.3565214426693,59.393788990649306
30.944851420592354,20.572453554086543,265.5037844212606,221.62988723178074,125.15598008684141
26.082890990323612,19.37545632889193,252.90555893094353,350.6600780882324,99.06236873573795
19.285828488589832,5.76926197419307,214.70579029111465,399.3094749759007,47.85024518972207
34.41385059120846,15.237434828784691,291.20942872238663,157.5065013323482,147.56533952704925
30.541935176616377,16.405868563575712,140.09490310568054,374.34146644773296,31.401209772216482
14.878508180346738,16.964683426907015,121.85284206192428,305.6576333996645,23.34899697571159
37.32781553481527,22.40517107681997,270.79239339108443,393.3456547912053,104.27454531528146
34.67611728769507,21.008076401806353,187.82996332674966,266.2523793816069,73.41848175820698
38.49399739875772,23.23715278380334,269.3937708414121,361.84698264284344,108.75073390915952
31.771585251650798,27.94649784626385,278.618041039083,165.59851714956932,147.94264495108473
28.402455878073695,29.389572161482803,112.4915187238143,233.81976251957394,45.30991052419343
22.547291088718566,26.543692286794833,276.6929525972121,166.7541344378025,137.6900265576673
37.9818545006204,33.66571087864804,189.66381107388443,393.8357833697676,66.69723313507119
35.98191668501225,5.546977480290849,202.08649780084644,354.24347681795916,70.00575702907071
11.356560103185682,10.873339570506383,225.31850221864204,363.1368553114926,51.66403344035432
10.79100923491756,5.226886249344264,285.2765213460174,384.49130785847353,85.04166329782872
21.293901006341486,24.42424142463809,103.82321888595281,171.27587152994633,46.69538534428917
34.31659992345499,31.94091646849961,195.36869366356342,246.39939812833336,90.8043925755065
39.618283879448335,12.304468897288977,237.54440848611213,167.75872226100054,125.97241251860979
14.512506733105845,32.8110363438892,244.5413915396457,202.69827538750715,107.43314203798155
27.823921460564055,6.808021708686826,238.5064863074216,207.3414442594181,113.04503546841981
21.426725698930646,33.03308080416543,126.88702588162437,267.27680276189466,41.62086738958134
39.09743193443809,15.548680617189031,159.87911767433624,217.14054186341065,71.85626955527732
35.263567694071256,8.042624853476497,171.7431050834027,175.24452670444026,84.47863953226461
35.149861141334135,19.57615277558977,260.88744153590096,191.87277227352692,131.95537464304172
24.06079479384911,12.70329703161524,155.7519744829106,186.81889088802274,74.71790792989987
22.444585070129953,13.546187058857685,142.14099277344064,393.2691994780746,22.451654089610837
18.20221215792119,14.218698947788598,291.48960380761923,339.82312672961837,97.35487957482425
11.691264899527813,29.090776934979903,101.77265702269378,391.9403663173905,8.004449831379462
35.9416712876516,21.174838300257633,299.56417113639566,259.93512162697715,139.22472631789088
34.387030273902326,14.33923097468011,235.3642597714791,219.59212041566417,116.95205300412769
39.991530198583916,23.31001349932755,265.69385988982344,349.5732993022967,106.15992612523165
39.89910511221716,26.484520226695807,158.92387926923863,231.5634795102867,80.68068011387169
26.662951168078823,13.178720022006013,102.863055533412,224.84584342633707,40.943678545095466
33.06962245541531,17.406473045760546,247.57390371230602,208.1264980519578,124.93026568259315
38.34297189647284,8.656582800108428,266.8289194001352,182.41974455605884,140.48870467295774
35.48942172032234,10.43448048604041,248.09522639070383,214.1157652541915,122.10732666694851
17.42044305229593,25.433535618949485,128.57005746016773,238.82993711847192,41.510022777940534
23.516324059302804,10.443150430868808,250.68558445139382,318.4985520364326,85.73035598533298
13.87478245454485,20.754901510011805,253.7845564215282,165.64121055486288,117.75337006805195
38.621530817761666,26.27138785167298,231.70810313401097,202.62673491633575,123.77298595515491
28.1852390335264,8.206307692842316,253.22318655911724,352.2559100729191,85.05689129576558
16.85928416510388,22.019366588867108,269.1842879355464,186.7304808959427,127.66514492589982
30.151020532175703,12.696883511040912,222.7208228474917,235.6612866306304,104.4211193041035
28.543847213736875,33.887806257127394,117.72094279393582,366.164730464535,19.047340356821536
20.744881540985215,19.50636940159774,197.5255619334422,188.73132778586066,84.27972794383506
13.40672776598887,29.179776493254742,115.529866934321,170.68420890454746,47.405531552491844
30.14719586778399,21.506796264687853,181.50860620648615,271.1344987700027,73.63526226382204
25.6092310271138,6.302375985644575,181.42129782512552,225.6048778196341,70.34493589718508
33.16955175206918,23.994541267820672,113.20196882804831,290.85209112096356,43.92558336616871
25.604905033359803,33.54210026619971,169.76410679389585,350.95122262086875,52.35869728691419
35.5654450095562,23.048354604389935,122.19961975826297,184.2871220381858,64.80648310165996
26.557205163234567,29.575665782803707,261.6470420018444,295.17477113857126,99.72748301929407
26.828139146061588,31.526193900452235,289.53760519289415,276.377190097466,118.83465498180128
36.29960807975035,11.842393158467974,114.46329505158772,186.01969650329988,59.025158887883585
22.104485986371913,11.361345197246798,291.0230414583403,305.9996213822456,99.7406106702184
14.02045685351922,23.32942966552975,204.51531986734904,218.41010446519292,86.85402047133059
10.863480289400169,17.330854094201143,159.91313559077477,271.95857963600315,43.66412310610563
32.65411767020857,30.19583908600161,115.37241505523271,170.56808106926547,79.97010202370426
28.60928654060394,32.000693701940335,200.12485361408358,264.89601430340576,96.11044254250643
31.122393042976707,15.602641379081543,258.90310889814975,226.61586701070507,117.79984254880212
16.388924845267322,12.106116769234461,241.41729545333962,355.5953027963386,70.80087706172971
14.091144267603093,28.415765457315853,110.04520229279476,164.24468174934208,51.949217417816335
10.436339970036459,13.244181066444083,114.5803670735807,254.6518187295825,32.198009136426435
20.51762676419791,29.67842955541035,180.5746565265274,264.6078560328595,59.49324204749314
27.697530605638992,17.712147609462885,159.05809880958867,331.2515190747797,36.818537030415015
21.76732135299197,25.026496978744113,146.47686461120958,293.57189377255276,41.335685699339145
23.124247660711873,7.866059415040045,156.20089978174272,316.8030842985453,43.51273690011314
37.12476083481245,23.71577974029719,260.69654865937696,344.26232141293906,105.79472058957776
20.44766401069901,18.55303036211687,285.84561072637075,365.5507434145472,102.08555427238947
25.419684674794325,22.59825389526422,181.0205389055133,228.46887418061763,70.9332308832213
33.50959038223429,10.040426232345903,281.2222004264994,284.5056763409757,106.94904580570137
21.896283469638107,27.106212348325464,164.2991402495764,360.02701960979994,45.08312765954705
28.662601006836205,30.883912326296855,195.28739726875833,397.36278274126414,51.225415224658164
35.87091126240236,11.50219400272327,145.20579956319995,372.37982776094077,25.181882118207497
38.485618709729266,7.871436665604852,228.0952084351688,242.86681565609422,104.34948578362732
14.412204427871139,5.709157581390092,295.79622303496177,198.7916293046626,130.3481749143557
37.79762875484484,24.25914501329798,220.69861920867572,272.34813435164716,97.78524358126731
24.763488792386145,23.212821082663424,171.56281682270978,335.41036295901057,48.184731247348275
17.74733164896875,21.4009223814221,229.56348919810569,273.1422676883244,84.97462193426006
23.77407268714784,11.958412883479262,124.58413569307751,270.7952158284171,33.88689288361347
39.40097725856431,16.72717987716544,277.73181605307974,359.55760527045015,101.75308718275008
24.77854281978609,22.834290055585193,200.61679015596727,240.3509447667966,80.33792401217657
19.862548308625247,19.90300576577508,189.8699484079284,364.9486687029114,51.41258036508372
29.002025629501773,34.63356560644662,217.17295769070384,251.7012002379309,98.44632169018364
17.204368563345792,9.093192576701995,224.9567725578805,232.05827641958484,88.39848264854461
12.275899843259918,25.854336621427812,114.35516124530261,263.49747779992475,22.07936351443573
13.866391657319477,17.129563043128762,236.5234442446805,340.6117396687171,70.4638406167127
13.841375168733173,17.84598844776844,148.38633606310592,181.50050696599857,48.434638075456036
14.55708080536883,26.527932969745287,242.79052650131797,199.10480396800435,107.07073031170373
14.164815179482304,25.77308453973109,264.50695887683935,387.861206415773,85.88930419983808
29.226242344096438,34.73767981106565,260.791701510504,193.87290684533934,123.05290654457046
15.456402531974344,8.851828683623758,210.5001934815778,291.93182948276365,63.954763108314
20.370018499715897,8.12328948152499,204.03397846215023,294.82861666548445,68.42980143575909
36.90365229718036,26.730164513862235,128.57519226788236,272.4061155125612,58.61255739546931
24.218849207886173,22.351607510192274,255.0692300806271,311.18631214420463,94.1367911493385
30.026732155630814,13.224819996794176,154.28187608934286,207.4566814494046,65.17718183200392
15.169596136048895,7.382581069669598,199.33908456358932,288.16556694418705,51.54226441061684
15.768670564260123,7.569747487892916,156.85481858550332,243.0433138117243,50.2217978747233
11.226058487994365,31.825726239923547,126.76567259993863,315.4168149072973,34.03841818160113
15.068051892164936,10.756019741562287,225.9115393783473,185.30588584328737,97.56263226654018
18.35771017095876,14.701146863465622,110.86640696458076,292.71935420986904,20.8744499402047
15.310314528302404,11.79969206680964,249.72904682524,196.31758884583093,107.99957643997357
12.661076012711668,15.649889174958119,163.51735905222333,219.6607657787591,57.59489391327361
13.619076133018025,7.082715282382801,100.02693860089707,204.67745008089582,23.032982914097982
23.823363040981775,20.57179372724811,202.22582784744594,195.70944496720426,96.31765305963049
16.190011552173775,7.028376907766447,109.37038170552063,356.4277378901668,4.588973204354675
20.928095831442263,29.010695234670848,155.2339115641799,221.4268919152226,63.86532889426877
25.10251812564571,12.011362457312991,241.39529749114322,381.78094546611237,68.15005275366836
30.71184485888096,21.200357438135317,112.53792432437317,392.4816313362977,20.219758673146195
11.179364195232967,31.402372626843746,267.86769847120047,292.8151174842743,102.05854260965042
33.98231196727128,24.526321071415826,100.76398453171662,185.7502806664316,50.011077840977244
28.837011684727234,20.988733596540058,149.36477384038045,243.6370608448953,65.33032844636466
12.452770958466157,14.730012593461268,248.1808112304143,349.4330658370535,71.09715880068171
36.20735872320331,14.990057391745937,163.25402994586136,241.84768217426762,67.8103652716084
37.626172015954396,25.084608655945704,120.3784776132027,171.75430457569718,64.66618251360771
11.832338795645912,34.82418083663502,172.0467837600856,289.19622773204696,44.24192885570017
18.30632944441611,24.855175695481357,154.07865727690512,361.2802128740087,34.24261422991913
34.18603839379184,21.733502521100746,268.542380432111,348.9815967858756,94.18802793855231
32.447790711509754,26.919515307177384,162.66958351702863,193.7807850325883,75.47050275702885
15.53563058069132,18.956168368511545,257.78649435520146,318.1911536031167,77.99243138669125
16.28047970010131,6.804270278023557,278.3744289621469,205.12606585891177,117.79731768882476
21.11416308374146,21.868904476337296,186.76348391530593,204.55188363804305,80.17176473857936
24.53568955573064,33.728758535161404,281.9886287708784,368.5179433262963,100.40442385938105
28.54764314590888,10.259088270729789,175.46361079263858,212.41723818505756,70.95131028390094
21.067409187093173,25.700146724619973,292.81568329802167,215.8118366295028,126.9482769229876
23.876041483994435,11.028010659771695,117.8579049051146,150.16334769032488,58.627368617352246
32.4241281440127,21.074830534192436,237.40385330064854,367.6672585313794,79.67746696097383
11.100496086717937,7.900293489401589,198.76280809138575,348.1487033022837,47.58393990911167
17.573108330320622,18.511128087745554,177.52976109112942,306.8322337726695,47.58401545098986
31.400487576536573,27.684899866857382,226.54237574972018,337.56644098471054,85.08907341305985
36.856205130615976,15.427145727169462,240.77141832686624,188.01214185612295,128.41277880143247
25.35032326346998,24.94735173461654,100.87265393006182,264.58089864689384,33.21544036877701
25.96340455795947,28.863498823691877,133.39061774943974,237.8048468371952,51.502043709673565
13.215160340193282,32.81533458438358,242.60921012686373,173.44413156425412,113.31850224983037
23.42237100470364,12.039262455663607,233.27708271564128,271.53262130373105,88.47836676488537
25.978517993650694,16.979477474279243,293.20950102573545,380.1849125856588,101.48382655641392
17.27411510904189,9.572480399912523,252.2075580501566,160.0147797626736,114.16380401900832
18.07729692848143,34.77450506475125,290.15454154626764,222.86522837344847,129.5767381312277
21.31852489313868,32.81002903772886,240.50810030696138,201.88523405142587,112.83529873439599
10.602135933331791,21.19871390841679,159.61044172788863,209.53666341642406,52.772417601940205
19.66237496749535,30.26099883129264,121.07298445017129,377.1086379698438,9.843570119551062
16.34344020989634,20.628739318161266,256.36477266898714,267.01726355857255,92.09959481698843
19.82492056533744,23.707570640082793,228.8298442951832,266.57485323495473,81.07080362237689
13.592863954577536,7.673732963480498,109.63720247865925,340.1439106138206,-1.1201832918307284
36.71581842219685,27.658112614904237,172.01009318019567,188.62305100123146,91.74783744610093
27.80777360662146,8.831404509057045,291.3599630968572,271.8163385250127,116.74841650398089
30.37306957433469,29.782028907575853,200.08022914204025,257.4963035302649,89.34199051786314
33.67513715822015,28.46084263011158,186.54582720394092,299.227672636664,74.07931033401007
24.95326596787172,26.262340932289295,191.5399210318588,399.88942581260966,38.79086934020136
12.607608642622711,6.084811415742863,141.77654480103274,342.36222352051175,22.602235956343485
26.113196254556435,14.093850678359859,173.74143417295903,249.4664257543568,71.1501373707198
27.605233540626372,12.893377097325285,173.96265119743532,356.8882630685117,41.58655957253973
32.3631842255299,15.804092224145572,110.47100403749448,192.67709082812004,54.43281661526578
22.94978638689038,7.629282402915156,253.51352570358364,157.61592157724004,116.59970117968466
13.827409083866913,33.10873469093188,183.3008863807758,201.11209311606825,77.91092412528901
18.513277173961733,21.61406722137129,264.4359773632847,235.1028890285649,105.1697607467353
20.892468891959055,14.165729319740706,270.0696002239791,277.64518936489,96.50392388582812
29.377517239948038,16.9094455122285,142.39881093973162,303.78228513529996,42.103709940367956
27.123349140067358,18.41607621514507,231.4706964340257,377.6514293036054,71.80991980151498
20.68290177693539,23.01783000081852,194.45636083259635,277.4635023876144,68.19875189249613
39.59545746378939,20.470382830894934,276.031347584297,275.31891115643236,119.84921959004924
28.173244580706616,32.58175919643252,143.14813583529082,162.56075245574553,74.37554553933568
17.116803752079832,19.908904487174908,235.56264006200885,158.72788816405594,112.04833050891324
13.053474178612113,34.764740444699385,221.5504244505445,287.78999047909303,78.86495045514046
14.585774175529961,30.542748732352873,159.06029551436654,259.5446533120861,54.36516620789195
17.378731851535242,11.255315430720074,127.32018073023453,359.79509874507465,10.630074724275392
14.820441197786671,32.91785643931749,230.32795209545532,190.16989617796128,109.72029627574078
15.597010721539172,8.490991936564283,247.71949162646615,156.2429155292624,106.75520218280732
18.55285506081541,29.52349125473575,163.12546875267,262.2596919825315,60.24792889033535
15.201207858842645,16.418698804297403,228.96652080446276,209.36963918806435,100.60536395778163
36.90296273879275,31.339229613352085,179.02618152230065,162.40359333470937,103.36105163299275
12.407012369849266,31.041700703223512,242.64137665652353,331.14957171190724,78.31627295740263
25.735341687107642,29.177762003528635,139.8430549788106,177.89824998931186,66.04199420897274
22.311904809689846,28.70091308921184,278.0430005272349,302.0798750019429,115.24576129297557
39.47135850725819,14.140374172941224,157.48191929311594,220.2624375417223,68.39279656959405
13.36116706504157,7.427578491537565,173.5571975512306,193.3740125887555,61.1703821554605
21.935667971372247,17.089405362954842,111.61839041606996,244.93788072982937,32.50918622059475
39.08411299826106,10.20573544959526,122.30244246425528,350.3614440557384,36.59621224202736
35.96521377681941,25.84853266707385,203.17238054246562,248.02339422614318,95.40708042778633
34.512162128478394,15.382991796133567,153.5185353455943,337.69241230276396,41.605183661315905
17.737084811348197,34.26830602579744,267.09604514843886,181.3715741997877,125.19232886415517
15.126627621701974,24.22916232035996,102.93867773099078,343.19285491626977,4.129202955229533
30.05929659773293,29.67441690903083,175.81880973438723,209.23333122666216,80.4635560115891
37.88127967382758,8.975740182255453,167.46910935381854,319.3482824722182,62.75709176898822
26.702886790417892,30.860434468178678,103.8655261835202,291.44538871024906,22.405409476180672
27.148380684096995,32.68271571540183,124.87367980010205,382.2861793029218,30.547027580036676
18.399372809808526,19.611857564568076,182.72853498372706,246.8306294938285,71.74234556123818
33.084787995758106,23.187588132529324,198.5729168894893,166.5412972086101,109.85661419240643
15.6113124567257,27.944294027089864,180.85794945097382,154.78887138781323,83.02884106130549
19.71037709212731,10.245158817812376,206.18753568241877,356.7146402431883,54.842985516221745
22.763093158492502,20.07698229390327,219.0263349811363,281.183909415358,75.34419574983795
25.228311360533652,16.959890833169393,101.98476422556712,343.8110129587373,9.877483824079826
17.272291972452408,9.391219764867474,192.81903189070078,208.60640000287867,78.79170969041259
13.445104742176106,16.02603266874594,292.69984817751765,236.27093637830842,126.13994571636879
28.318601273248976,7.045169281564807,203.80645602590974,157.52596805282974,94.63068212144528
18.65891659720767,5.774357208484609,235.50845349179065,390.373081143528,59.51152127257491
27.437146642678368,9.054988674644683,162.37277158337665,316.96697667520334,46.70270827202115
14.63088145822607,33.89345334767522,254.7982756305525,383.30127193982656,70.63267858723192
24.434203055644524,21.48588607685051,254.584296375223,216.3741018572681,117.96720229252065
25.977682976547577,33.974664834596595,204.25920953082777,302.8659028064152,73.91101837703484
11.554706104672807,17.97493634990396,295.2027646558427,319.62499207315943,102.33567794611378
20.098128345817617,14.354483992557787,125.11004295253068,229.38742506439712,39.80263747824795
14.032440308169228,20.18425588520732,103.3895329779162,362.0273087539075,-2.376158778324192
11.901249114183033,18.185350658987304,254.0316423514192,386.790365725062,69.59912759233706
39.69880697169836,8.169940527852317,261.4311074729765,371.2137794240011,94.60477769456232
19.67061534924169,24.224789440706186,124.04144582411524,334.7667439848432,21.21201381530087
34.29623337563905,11.481145475287988,153.1165665917212,219.36616993123852,64.92407154430882
17.639219642912916,23.587638646934888,103.51047267332578,220.40401052640794,35.459724893706884
30.44508166671788,24.5060327719446,158.66172215611294,390.84008011150945,46.13880656317368
32.80683579669059,9.560745593859444,254.6283747837343,152.571123983923,131.6130910747885
27.869162218235328,6.840488813320045,203.59210554251578,329.0124933105361,70.3216216022906
24.14728565650475,28.422847582053194,169.61911863365762,326.5615406388156,45.39082436311813
22.355227424418054,18.794012713079603,174.34785898126606,305.67238523744936,55.35064539307032
20.46604799628986,6.744913865164274,100.27072514309363,397.5272115217165,-11.460608771070651
37.88587432743478,34.84598951509301,159.96010551304718,227.96985894093132,72.76395264715353
34.918582233631874,6.733416829890999,229.2917483275861,234.99296594831205,98.90531477270824
38.95080731999538,25.851056865756597,294.8388887632714,169.7348507366389,163.34793382209907
13.728916704566341,34.51036775790241,269.41216539677987,260.69953413593436,113.6524987055751
31.92602425610933,12.175403126477768,104.71899292910582,215.26213155871204,44.71553410591329
38.150213704631135,9.267481060615886,279.71212093496786,235.84667554441106,123.32363784104173
15.436991984969804,8.641548182672867,256.63968265972517,358.6429475639069,75.55190660291923
11.994888021003325,14.098254427027866,256.0752247141961,383.871128381874,71.59727347014295
32.23361947870177,8.031374330319402,191.5991518007143,196.4332680012964,90.58691133004811
27.234193395397355,25.76484025082396,179.60105859090055,243.12723288836645,66.47292159193832
35.25486330274816,6.868753943901881,160.58314576663852,382.15764052884856,34.67297236281927
14.193171298788684,20.28266384449369,113.13897179087316,165.45211517230567,45.59801023261092
33.858019355796706,34.9009056155893,145.6470726987398,173.09013202784462,83.44365166070108
16.048819601432335,29.419108085180564,149.32072699560493,190.69774730155734,52.204963038691304
14.909678285971136,23.456583146930328,196.81541394204032,298.8032085317187,61.80116296013314
14.927973937929789,14.18760862359835,249.4888813193388,187.61806775149938,109.13473269618763
34.43724160694146,23.716875088749156,194.7619656795893,392.0190953626834,62.89007952201696
29.955916620886004,20.81124391734955,111.56888988943211,261.6786318146301,42.12111297489089
25.69196274307358,17.782501516711143,291.5579601976408,275.3794900875416,124.5042593248283
20.764914523705073,8.921311302205984,288.5448638188225,211.66465395135162,122.22812359525709
36.31601622439325,31.598126457214,257.0379086296817,267.7400631086834,108.96318192416642
21.773353222679063,18.493539464639674,298.2655803128441,315.4784081592529,112.03858915679962
34.497983184147316,10.838675354622952,208.8964665600526,337.7942842385107,77.7475247120717
23.17404725710655,16.03278052631869,292.55367005064124,338.4670206774782,113.899775491028
21.308332882747226,17.42389257586781,115.12100812335015,294.4727781735221,29.49252801741771
23.880393570088195,29.82613686700623,173.13614965227427,376.0899437484643,46.548946106625365
19.04133622492426,27.00843141684206,145.07625360135316,354.3519618265274,31.901531082292955
32.428281405287535,28.079146809240193,139.166616826854,339.26202867465634,38.316678111693925
25.081611702774374,5.330937932859417,128.1605897785352,163.90138042011515,57.314288079553805
16.96638085440452,17.484619945392843,224.48272831319935,151.71949055491234,114.06130434189033
36.987237198237054,19.44032454905971,256.264371149461,203.11181929886823,123.21891880930502
21.516736641196342,5.5757683046917,215.65967988407215,315.88089847836306,76.61367400427729
26.306585833419657,12.794396262351027,129.39254191764195,252.79937222063646,42.40984328767442
37.19416332893641,27.80869469366405,262.22475398669417,250.60156482482793,130.71716364510522
28.727139877419763,9.113291171869971,227.19094143274572,371.1467220574034,63.047750510901295
13.506941221250923,21.05930394357775,177.6331412253991,373.89071203295964,39.09129337200494
38.19496370840425,11.456056160517125,234.8260591072126,377.2938160133964,77.26320348606744
28.831241592142536,5.363623239316798,151.98099584856658,228.46951912875682,52.89433838442007
20.047168439712586,12.236043727986244,169.03844169884212,322.7639531848155,45.76764829467864
14.178162179901618,34.27621264730161,283.49716862639804,217.90829531859242,129.83967773057216
33.82075567810888,29.046113356489688,158.10090113428407,197.65245826861246,76.06569026988606
28.602182677855406,33.787299329631,193.99765363158733,196.1581143368423,88.29006008730683
26.003832759289647,19.63562131779087,278.02822747920294,235.52690521589852,123.14326147751596
36.816777491528725,8.292085960325105,241.5442700535055,257.4894049449554,105.77812517519628
33.65791633673592,21.43878466921079,112.44064523294055,357.7372927637671,25.772430671641324
14.550246391982535,18.631320036798826,129.46060885579408,179.97277336817803,55.71331573570954
19.351662033866447,30.330712482188478,101.56831815438336,333.73146184872354,13.321334172834208
17.45467419443397,7.942477423527338,226.18435804583268,282.86372854732633,87.14343247002775
32.31838877718031,19.647234110653343,189.53468508208368,221.98633566899812,88.24013038485892
11.005973042073382,9.501459940819528,126.8549701804551,273.20489613320615,23.709589749456377
27.096690546139495,14.7402778067018,291.5868242113541,224.98551744425566,123.8379076002339
32.87376057222072,27.120712321633988,205.93194478912397,299.0204888095765,81.28379918533261
36.30296910285249,19.280543881062997,148.37865882257785,258.46098071381107,60.64173698807192
20.262452461477224,16.276648554373082,200.12071423094153,191.1013822697197,92.73456117842788
34.637719140160385,16.83428835710106,235.92406654702157,179.14576863892418,122.20575948531884
13.318952108656216,18.7834030521796,115.24784359471289,286.67392051803256,15.682474688165694
35.39356875203555,28.550496315111708,154.9407630095784,375.60325832152586,45.09100566870117
13.824659869959472,31.76254066820703,261.39309817679873,235.98942163942138,112.44481071559005
21.918618716811018,33.66004059511785,191.93297408053223,333.2500268056558,69.58954562805829
33.91886097338661,28.607101587658853,209.31542840645898,314.66533873494177,86.87938554831837
14.497522820463214,14.462206872440381,186.56320044189385,382.8887285773702,41.44476809513295
16.877541856979246,25.644041182596265,108.77998852860102,355.2452543247852,9.836619212781567
31.667577051791987,18.128093721661756,133.1499559640312,291.65131472636574,45.95876482179182
31.601096096382232,12.640118661381536,189.10832774837817,314.2576245585268,72.02307594153478
29.234428986558918,30.22614738277768,141.83709308158558,374.5966166460087,26.790723628273234
30.818453334013,6.15279046886975,109.99580573193575,249.8796961467337,34.775366808407675
26.281733300427884,32.0528597640627,268.72993281036474,231.69867646444436,119.80363193807341
17.553971767208584,18.844323938742026,296.2385058328232,152.7027709087991,144.17093892367186
20.370879805117582,24.116044304248412,258.6285747993479,356.637768547866,92.66936170372327
15.44793150404277,24.78061766617348,270.7569843409334,350.2451751008412,87.13711621977934
37.25351684000885,31.85353222119609,148.39542606340908,176.11362952503785,71.38233842771568
27.501753842983614,24.10009046501622,292.1253951026399,294.214345283175,119.39015498345437
22.025542502909197,23.418007542801853,139.38514089068568,265.99542454172183,50.70669046225342
23.860174109323978,6.999561216820699,290.2859620723665,179.67727387727786,138.08368342798246
38.41850018835446,20.552240658356123,298.9638587931902,395.1420567651809,114.49492163080221
14.600542093482407,9.50507002451125,242.34456114920974,203.67397186583887,98.56947437420399
27.586894960503916,27.123013061644567,296.2287463583644,166.8085450226403,143.56393038045172
25.17666036653398,20.366657624380235,213.90795591342072,298.71184487547737,81.03940617027847
28.343627063039435,25.4068333762506,151.90835663521807,334.71666928325817,40.136387074091004
10.543305514625215,6.250187018071528,187.39917713312417,158.11086151179674,88.30760044822665
36.16371726832455,7.543760481374097,218.71218707575719,314.67940968175554,85.46684960237194
37.96354847450837,26.48970164188047,114.616312405403,283.07296898786365,41.108070164529856
26.953995507676268,7.1625300799602005,224.4686529234492,175.8162522187621,102.72610521115813
30.899524716306768,7.137701832957758,296.23556735245893,193.13096923659052,140.88779911877614
37.67498143531887,5.3632542570466235,138.02152995674552,291.99357432902013,46.16350192782906
31.21715902940196,33.695041948984404,258.5190232576766,224.0894033783221,130.10803963904056
14.57617128742784,27.12525078377021,281.5797587559239,384.578932162829,89.60468605918969
27.288650805004394,15.597542255061924,288.7403185640442,354.6850573710127,101.28517243379899
28.201451391485676,13.896067438629657,292.02712088108944,395.89180162841575,108.01738488541791
22.72392013907158,15.491096892375486,204.29192774429438,214.9177097376035,87.23542876119751
32.09332706874169,28.239605935435456,295.46158159830077,392.4309081994943,112.23535097471999
38.03101044307044,24.841118332112433,251.46204142688777,257.8084674478895,114.00533854073228
37.767055387203285,10.555867036024038,132.33428724739238,236.87969882843868,58.9871864173009
23.525181142123962,10.22328006002253,195.38002129359398,162.58738174233832,93.61521318575123
13.397141375222658,7.9518694914019195,243.6662350744008,163.19131446490064,97.8498821313382
39.54523596887004,24.809081591040144,149.46806316381668,323.0028139866637,64.28875758928687
35.166942593378025,27.93117986665208,228.12303670977747,264.482248608507,109.13119897249813
13.739880436098005,12.951392849750121,233.32009580932385,206.63040650902644,93.22531222593013
37.625256478521166,5.628348830927385,132.53994876171316,303.4925765813082,36.84882019441081
36.09689086186385,7.465150024292821,213.01706249055127,213.2145295625278,101.72049109856674
25.56514171378216,34.035801045350915,254.32538219572155,294.4079385861056,104.37744556234261
27.738263072347877,13.863343324322608,199.7791329071884,239.8021867456726,85.0570873024509
21.970081116103906,28.07669443514401,102.42062335522148,355.8880566529548,11.989660551416554
11.64284916466094,23.739907065627914,101.80769381585844,355.1740401916948,3.836495267537007
20.05591724937703,16.458189189586875,171.40586879400243,269.3375995306003,65.05413354421788
34.085603457940344,11.170617865866653,285.23881368635637,237.7047773337539,133.53863552818294
10.138960690138086,8.641592544782192,145.73535592072176,240.63994913977365,35.19505695340157
20.004975150734325,23.450389041165998,226.87273777433742,351.4286314170545,78.00255370025734
21.9450608077283,28.239013419133638,144.4151741386641,232.04487069940302,65.02943841881563
26.121868088137685,24.31712760623392,164.33399793190972,202.2648434267115,90.66694670555329
37.59566849238281,20.90906399747475,269.6084179202968,171.1720854688267,136.30157569333372
20.390379830978837,6.258536702949088,245.77228845398938,266.6732802211021,93.95576312419344
20.40859605688683,34.05466332783151,119.07985546264213,270.53302472996046,26.566105113242948
32.125037443292456,28.961425749637236,185.74040419728672,360.2271776007268,62.978970039919176
23.566538226694213,13.784661101028941,105.8339527290529,205.309674111516,37.10266896305343
16.73814468819946,34.39910988076552,196.1780293206018,245.24781841709998,87.36692866579492
23.5731854839808,23.056447689089662,232.48680234021361,352.1014347234227,72.72552206924088
14.225710611393996,22.472679746217395,123.70052471963031,355.9059026872434,5.3455390455105825
15.2916095951867,27.442195382885963,157.77698778183313,246.15276899469205,52.767567679480706
24.951033182184393,29.353093642704128,179.5673251004314,264.7810058216702,60.716777168354724
22.56776348513644,24.69435821994508,283.9062049312099,225.8214727123207,131.00682344977005
37.445377032043,8.842872390986,298.65100308459284,383.138719604828,99.98150573297943
20.871816973498994,15.148025179834953,108.98225979912317,179.66094143539507,44.94309065114804
27.417650508341303,32.8425092097815,252.2015846990784,383.4373557503675,75.81113526979222
28.96792863758591,11.738468355315558,174.34481328046866,320.9666129588358,53.07347844244735
10.392833697650008,16.165010715125398,178.49163724589602,282.8930381716828,59.047871940291735
29.906121160501318,17.96230648832588,250.85299466940455,158.16476519612397,129.91037262755526
15.341079006092542,18.182149690833565,283.68528642908177,268.89904795550206,106.47287371073989
38.832109524083656,23.388187474835764,290.18571890050964,251.93702625068306,137.63158061714046
14.459881832593389,33.29227513234123,215.42451720766417,190.30470299378064,96.29699037107527
22.43872371181071,12.220781354975149,171.42423186010058,314.1024008751642,51.872000860175575
12.560490042359316,8.645041289027542,257.50981717175586,392.78772684207144,61.00497582165522
39.90622755537842,10.924114695798119,150.20027665246005,290.54720276613125,60.15575059528261
25.065850309937275,31.607747006278085,212.81480576670356,328.6883191109864,61.682785252973844
27.861550519601312,24.37432437965618,171.71569230497465,167.1126131415042,83.88743849194533
12.012294321652824,13.577203677174804,231.32621474157523,254.4167489542487,81.02138492815486
32.498814111975335,29.47840816905852,148.07978257870138,179.08962129112396,81.23117490177991
16.297167792867572,30.84109989090308,138.31858914696517,303.1989588841276,35.922721261606384
36.94162868322141,30.39543016070834,283.64781733508744,384.6205395535386,101.5439174823442
16.154189214460217,32.56779600918664,120.36073658990738,315.4444331179096,19.86020621661085
15.720631619909998,12.567230605200848,201.19158154698633,169.20076207860538,89.09571288299739
11.096490035442846,27.65125786238835,144.17055659260177,238.66655124627073,46.129200724794735
24.162008353299978,18.816184918224202,107.78599266513349,287.66584486021287,23.438668970452675
26.945233997878493,30.259956586701847,107.20376365828528,250.80193903331303,36.67149924923348
11.97125918285057,26.854720314848397,135.04435442116545,358.4110026187931,21.954240113355517
33.26582850085032,28.293423394991738,273.3540709012001,353.6677511774973,103.45571216993228
23.598665042440828,24.684855130432144,156.49574879540535,302.95775502580534,48.50025574547855
25.7317080798274,10.322863084091207,290.09183411505916,243.36448628317632,135.90492813038628
23.222882408146845,21.35080756690815,216.3244585978387,213.83409344081105,88.26054562292745
22.02289182625978,34.54009218573525,187.3228379537532,176.46857955328232,82.08883052507525
26.789209939246536,33.12164199491357,216.01776693389093,238.72442087163853,100.54980816648208
14.657207377921376,6.29521207391035,203.33967704525355,253.29312930192987,66.23232688028048
15.457843914858135,9.944444471883113,251.75525075146504,318.9557312760184,80.84489995526718
35.85356863040552,8.951863203636858,156.49921319457044,314.53995607439333,47.804247357166446
38.38346386400898,26.779397299558866,170.6100783200605,167.52703491031423,94.24122175520468
21.199279488392587,29.53355989570835,278.81886050665014,248.81482885778945,128.45864660167547
18.122340194306613,11.405340989320157,289.2913026300811,195.4447168043405,132.48682469950438
29.319986297170473,20.175580788554868,278.5116454972949,189.20317632920143,140.2349683165449
22.26202513294289,30.221090840336,183.88959879146273,356.8255374343115,45.37450398836094
10.761590669810346,26.98404634298752,256.0731006013763,160.47880417906438,111.88950722085548
14.68457792098571,21.26711616475545,195.26714666021977,254.79571897553035,55.60683342379188
31.479166865421927,22.710430713763188,199.50797042922045,192.05091394162955,94.29336102733704
29.76771825730454,20.2508164074884,140.93602181145678,369.8325539196185,36.17443558182313
10.812879775104506,13.926453539564617,218.22606065170328,289.2601283187588,71.67397712279471
16.659164857988483,21.950659785770483,137.22717955066958,207.84515909421202,50.849521463853705
16.93224389764214,25.66655906150272,166.31293981343876,275.6068217915941,54.16936696637483
30.15678230796185,31.19968747582423,271.006040323987,332.87158992577895,103.96960655307744
10.591316132630924,24.088740619377443,141.41516184217105,389.52950222985845,14.525149979040716
13.123257459537214,27.83364611129474,114.23165703468656,205.11150106135474,43.771619503493596
33.99748256119568,9.80214904863719,113.80151852256326,371.54544303233627,9.650867481309724
15.356339861630008,18.846724232593697,288.15690410062155,383.5760285418726,91.80057394020513
29.58238323555624,5.279948594812799,201.38408759236694,379.1051361330166,59.78308209124231
17.145483431401797,12.40036593564869,181.88241436340365,308.8535892154774,49.531484419605526
12.983241782780354,26.793851453390147,262.17571620158367,307.4551636086769,96.5250773019007
17.295165729983623,34.7542985404809,267.16518558210316,250.8026582959557,126.75775550035436
31.668007955669776,7.975342987616477,166.43820662312092,338.09947057594695,47.804504492257365
35.67089404318857,17.044829475838647,238.72361149475904,282.82350458773294,103.41380415716199
34.90659593700975,29.002129060974784,254.2245631703773,319.35951780707364,101.1760080733672
21.915505888553646,11.121069038866965,230.93013737319092,257.11447596219887,90.81715472966896
30.042554097119385,21.65254847906859,130.31901496001987,332.87411601078475,36.41585022418059
16.14952886247463,26.992138880890245,275.1766167034114,356.11787940113726,93.35620892707573
18.794431907830397,23.47956350780537,207.81891054720174,186.60906415070403,88.56858042352171
36.89007455563359,10.640742038462484,156.49448527400074,358.23242889355697,45.33684797096184
10.39005770532208,15.661537060572183,185.04563708753878,285.0741329475768,60.82947893027152
12.565255925634043,28.513753534561918,107.51421807978147,361.1664772725561,7.37332320882796
16.23658765438082,21.6267954239605,125.57336024448351,257.82542658525364,40.50883950124304
10.795966116214592,5.156888406287382,253.10935010317218,244.76012134575876,91.60143034722907
15.443063052693919,27.829722800842816,100.00232695107323,378.76518312930557,3.700995329202035
27.491246829090766,6.059340648207172,183.31316569645844,212.79231688710033,79.30525831962656
22.64273651777494,27.372013481936964,204.50203621711768,361.0530813215358,56.61164145461656
36.780151332309245,11.074416804957123,110.92688400019446,271.00514312735106,40.601464505955924
34.523306852153226,33.74220440358141,294.61563259446655,278.5238606378149,129.38586765526574
20.254520550936277,16.038222539062534,145.2250662499344,227.11707037237102,50.03980087853682
17.782703002938774,14.807948490142373,160.83974392725617,293.2605501547539,46.3829504185329
21.390772245018006,9.46664150997334,160.78850245100546,231.3027990690528,60.57252302759918
27.708848275444232,14.168126464706447,146.08333242346998,159.81735356041307,66.54954973403406
18.041909224686286,31.299522854846018,100.29476441726229,217.99965133608902,40.64076503353054
28.72446723547402,34.890030128817415,245.86895881759926,151.59476085164766,133.92214145699688
22.282349565737213,16.049285915205452,293.36909995985707,394.58869676421415,91.8838338761827
26.561415425559407,18.458318928636277,144.858696657009,391.43680245493687,18.24069187430966
23.0837958740595,26.66212814608211,232.6094383606845,248.78882436807626,97.28810655439206
18.83397278625753,31.585873413952235,248.37926539174302,332.0927135849115,85.08431166277511
38.4535992088647,22.791330025603525,269.6850758181049,236.45152460260624,130.71821364856913
32.908173824792826,16.745770945334883,184.52583940272183,317.77328927149404,63.242948884718984
14.203395272993577,17.37865522545871,160.58618112808585,351.3575107614948,21.56061689405139
36.05403927693739,25.868544394904205,165.05902680460622,386.68906117306017,44.85376121620646
24.62293594748541,5.09654790812836,242.52426661970256,250.053068962418,95.95073709245295
36.836566806822745,23.58768012379522,263.3558933011272,345.8244957390119,107.22691010922827
33.995657678419455,15.664790313240722,136.32279355132053,216.48211265802968,58.26993910770685
22.756405134077003,28.825919938312527,174.18820163155306,397.5830759484121,47.823759081712296
10.674079249603523,7.789719194693965,280.38803934983,156.4423996910878,115.22351614152969
18.060320781548384,22.646068008451714,261.33870393894784,300.88220162528023,103.29082616120522
26.249026439826007,19.429186696583713,296.9716805524952,314.8764954128318,116.21692350012664
29.00434659478442,24.26976577715682,250.84965193641614,322.0113892685322,100.804879485194
17.73663056299607,6.94560783448905,178.63904020558445,180.09689469727226,74.97213538437501
14.180682222184725,22.399513622843937,218.12756679892755,384.6324458682826,60.899471770535555
35.04790710397897,21.844537638785713,232.20285084946406,195.2958197625207,114.69713862428269
39.532065421106566,21.819802832485127,115.69116326342478,305.6883508099603,34.38640253046206
25.770705469080575,23.104629997893646,208.89939182077302,205.66901978077124,102.96636676522013
15.150378575449105,25.294038116790865,241.86416569452192,226.80410425531772,99.71237306218325
18.169219795581068,29.149669990423092,133.46426080021206,286.6146354320311,38.797272515412644
10.551720296424001,13.09462160384643,256.1263434851114,254.2983546411441,100.74702310284401
37.428964196814974,29.75148230540186,216.75455610282233,190.05640024412656,109.07483784118624
13.532532486704234,19.94767046790361,290.44435713951896,192.73410060521206,131.4631400666478
27.295494265427607,7.311748374029935,108.48445964137834,254.5361970406999,29.415436554785785
18.22165662061618,6.756527877319376,153.06522751109338,339.32074456887517,29.611901723238553
26.6253400754738,15.027149560881824,220.31077585996482,374.49116171194714,66.426967343158
29.542611650555926,28.546909313344027,159.31198244118613,171.03191556484572,75.14666091483718
34.89225411121605,26.230428042227473,242.88483281424845,248.27597688985026,108.67596751669308
16.1926381528181,28.658448940172192,251.8010565043862,175.06139093071914,124.19525973242109
10.329874859754414,20.51807169324828,120.50319281329489,154.14812015814948,53.272249713719546
14.106568902064218,18.205969938664715,202.77089284135354,315.42967066098913,59.733360505093565
37.00055925544315,9.42357580118852,201.77811111821117,300.61236049164694,79.40972089805176
36.216702326875456,14.845782608279347,173.85615404310823,190.75477845372154,85.73300544661168
27.922393065109247,18.020580985216256,286.5849725139344,208.45320827326603,141.1288502791062
28.0155058130096,7.658012890388517,265.50126397464425,155.92693841112958,130.2732899336496
29.951100236387664,11.618358581336338,239.44187638192736,358.7368014236009,81.57917613042876
15.261138358703487,22.946758821912166,242.8653271469995,393.67264901213787,72.52122282531894
37.4323583777488,27.069893427175696,192.34322876262382,183.8648841986727,98.57863484769959
22.563115746762193,34.95042534178849,284.1989042193152,207.86880344132453,141.85525754382346
21.494155847484926,32.99339994030673,238.91908545065706,367.1023809867335,70.48010413934492
25.567531158485124,24.276955986055746,245.79621233116328,381.6159494890462,87.46023864594119
11.408979003251652,17.63744159882216,272.33818075746905,254.9068457017026,102.7427590008821
14.988501062682381,24.08532094124698,154.8143178684382,162.65561806726853,67.87893871415899
32.141008492791116,28.56954854240696,261.4141807733406,159.84795842320486,128.57111920306957
12.483960037753794,8.55008572770162,139.0481205912984,293.48746651725264,26.104787153823747
28.094563283991647,17.297146690888646,169.06839044897757,248.22377722329475,62.355201759155314
17.36047329043963,30.194068569068516,167.12209085396853,157.16310689441363,77.03679152430642
21.678868421259295,16.51498855799132,295.70509367782813,295.8130980781392,115.30096369874664
18.660812103120996,22.156168136815594,271.30744474958533,152.8256341472556,136.45305374124754
20.670181493948476,22.633080825865946,240.23397231805194,346.8429895373182,80.11247445148403
31.571377155527365,10.53428759400918,245.41135232307803,226.6082056758429,112.33980629600066
18.91365146869525,15.867063249568652,212.41455888051422,160.06450075230802,93.6078224953945
26.992139208906917,15.035338662257963,289.4181334217038,297.0880552457883,111.99199817948353
24.28151206597299,5.785901255961944,199.25175057647232,249.42110360826368,84.89625968790695
29.910134960879443,5.725752916740658,176.1035419739789,393.45010333928735,36.33157898904149
38.10489217974274,29.950911310273202,132.6070673863182,286.0496656259255,61.843828965136616
31.97716291630751,13.192124299184373,257.24113045221156,218.80979525925207,118.18266780265233
16.448211357722702,20.542362987164463,246.8887864151183,327.3597161584937,82.3051676389054
10.93549405183854,13.961767207663192,176.87100770482698,217.87300063567784,68.14965493019736
17.867921328994754,33.220377353460215,105.03868279184587,376.0608228518913,12.927089204471827
27.852337921007646,12.778902765973212,267.79946554360214,243.6804926268441,115.72511261163491
11.54277440452751,17.889704382168052,102.28359669081473,287.4671406940513,11.308285777261839
24.890987416037092,31.181907514538054,240.7399559258102,162.6432759560572,121.82908271627367
27.905285467506676,30.25800700375426,294.0514219452114,256.5303094880577,133.81106719128638
20.027316724508825,10.58304253538832,187.53226562964068,358.09088491524875,50.80124040634293
33.12736611237466,29.079299293871312,146.99468099919056,351.4122013408355,43.46173220446005
13.197947594013154,18.74560660213678,240.97420200867634,206.07963971338157,103.54764460762918
12.254133452074264,19.489066162560654,263.425628403117,206.51976775264066,119.25068592281268
31.8456626861081,9.004399172478314,209.28606321556947,354.3263280533092,68.86216395907678
24.864739486185954,7.41804541271374,293.40705505122924,382.5996050423314,98.85907600993511
30.65207189283208,26.838179209212957,110.33374433159221,173.8402303182509,50.37738325372514
23.044820158112387,19.893834570658992,200.95911966090563,262.5146598565563,64.22698367268386
17.392060997173203,18.105521078455386,243.69078946451,234.36356974105723,101.25986455146959
34.57306953022599,26.8852468595719,272.5280942298358,367.67211386435986,102.97953286769392
33.982476369069374,27.96538696973329,135.851122381558,170.8812286700047,71.75099926837984
30.840894125632804,9.767245030080607,260.00069635273627,202.78148563950936,123.2645908789284
18.16435411689888,23.30675448432924,210.54141514370906,338.11708439662357,63.86878168536314
27.706920006072615,9.060622468330566,179.31073639799263,162.8234622453039,92.6132997484623
20.829216908200806,27.54125258087137,126.34300571581872,273.1338451785723,38.901037464311834
12.747462199799024,24.708654688014185,273.0591517817825,260.52675866993,103.30017389779788
37.51940726386728,33.69843863250374,131.45464163594306,233.60029474718715,69.0831504641755
14.104558927568842,7.068740490692635,161.95757184181986,248.64307882973094,48.568784069495585
38.50712061462407,6.71164163453763,158.00910639248738,282.48514673255823,62.959396250154114
23.380173188738674,13.465612240796004,274.28280683817087,190.34183959709577,124.429804191932
